-- phpMyAdmin SQL Dump
-- version 5.2.1
-- https://www.phpmyadmin.net/
--
-- Host: 127.0.0.1
-- Generation Time: Feb 18, 2025 at 03:28 PM
-- Server version: 10.4.32-MariaDB
-- PHP Version: 8.2.12

SET SQL_MODE = "NO_AUTO_VALUE_ON_ZERO";
START TRANSACTION;
SET time_zone = "+00:00";


/*!40101 SET @OLD_CHARACTER_SET_CLIENT=@@CHARACTER_SET_CLIENT */;
/*!40101 SET @OLD_CHARACTER_SET_RESULTS=@@CHARACTER_SET_RESULTS */;
/*!40101 SET @OLD_COLLATION_CONNECTION=@@COLLATION_CONNECTION */;
/*!40101 SET NAMES utf8mb4 */;

--
-- Database: `rescuenet`
--

-- --------------------------------------------------------

--
-- Table structure for table `alerts`
--

CREATE TABLE `alerts` (
  `alert_id` int(11) NOT NULL,
  `incident_id` int(11) DEFAULT NULL,
  `alert_time` datetime DEFAULT current_timestamp(),
  `message` text NOT NULL
) ENGINE=InnoDB DEFAULT CHARSET=utf8mb4 COLLATE=utf8mb4_general_ci;

-- --------------------------------------------------------

--
-- Table structure for table `assets`
--

CREATE TABLE `assets` (
  `asset_id` int(11) NOT NULL,
  `asset_name` varchar(100) NOT NULL,
  `description` text DEFAULT NULL,
  `status` enum('Available','In Use','Maintenance','Damaged') DEFAULT 'Available',
  `last_maintenance_date` date DEFAULT NULL
) ENGINE=InnoDB DEFAULT CHARSET=utf8mb4 COLLATE=utf8mb4_general_ci;

--
-- Dumping data for table `assets`
--

INSERT INTO `assets` (`asset_id`, `asset_name`, `description`, `status`, `last_maintenance_date`) VALUES
(9, 'qdwd1', 'sqs1', 'In Use', '2025-03-08'),
(10, 'gig1`', 'qsq1', 'Available', '2025-01-30');

-- --------------------------------------------------------

--
-- Table structure for table `assets_image`
--

CREATE TABLE `assets_image` (
  `asset_id` int(11) NOT NULL,
  `img_path` varchar(128) NOT NULL
) ENGINE=InnoDB DEFAULT CHARSET=utf8mb4 COLLATE=utf8mb4_general_ci;

--
-- Dumping data for table `assets_image`
--

INSERT INTO `assets_image` (`asset_id`, `img_path`) VALUES
(5, 'asset/images/celetaria_Completed Time.png'),
(6, 'asset/images/celetaria_starttime_Activity 6.5.1.png'),
(7, 'asset/images/1.jpg'),
(9, 'asset/images/7EqlRZh.jpg'),
(9, 'asset/images/8.jpg'),
(10, 'asset/images/WIN_20250207_08_59_19_Pro.jpg'),
(10, 'asset/images/WIN_20250207_08_59_23_Pro.jpg');

-- --------------------------------------------------------

--
-- Table structure for table `dispatch_records`
--

CREATE TABLE `dispatch_records` (
  `dispatch_id` int(11) NOT NULL,
  `incident_id` int(11) DEFAULT NULL,
  `dispatched_unit` varchar(100) NOT NULL,
  `dispatched_time` datetime DEFAULT current_timestamp()
) ENGINE=InnoDB DEFAULT CHARSET=utf8mb4 COLLATE=utf8mb4_general_ci;

-- --------------------------------------------------------

--
-- Table structure for table `incidents`
--

CREATE TABLE `incidents` (
  `incident_id` int(11) NOT NULL,
  `incident_type` varchar(100) NOT NULL,
  `severity_id` int(11) DEFAULT NULL,
  `location` text NOT NULL,
  `reported_by` int(11) DEFAULT NULL,
  `reported_time` datetime DEFAULT current_timestamp(),
  `status_id` int(11) DEFAULT NULL,
  `actions_taken` varchar(255) DEFAULT NULL,
  `attachments` text DEFAULT NULL
) ENGINE=InnoDB DEFAULT CHARSET=utf8mb4 COLLATE=utf8mb4_general_ci;

--
-- Dumping data for table `incidents`
--

INSERT INTO `incidents` (`incident_id`, `incident_type`, `severity_id`, `location`, `reported_by`, `reported_time`, `status_id`, `actions_taken`, `attachments`) VALUES
(10, 'Sunog Sa Fire', 1, 'Biringan City', 4, '2025-02-16 15:13:33', 1, NULL, '../uploads/1739690013_waway poster.jpg'),
(11, 'Sunog Sa Fire', 2, 'Miyamasuzaka', 2, '2025-02-16 15:16:34', 1, NULL, '../uploads/1739690194_Warhol.jpg'),
(12, 'Sunog Sa Fire', 3, 'Kamiyama', 2, '2025-02-16 15:17:17', 1, NULL, '../uploads/1739690237_GIT HELP.docx'),
(13, 'Sunog Sa Fire', 4, 'Laravel City', 2, '2025-02-16 16:04:57', 1, NULL, '../uploads/1739693097_maam Baloloy.jpg'),
(16, 'Mizuki', 5, 'Inazuma', 2, '2025-02-18 21:19:27', 2, NULL, 'uploads/1390833.jpg'),
(21, 'Emu Otori', 5, 'Phoenix Wonderland', 2, '2025-02-18 22:15:30', 3, 'WONDERHOY', '../uploads/1739888130_tumblr_ff9c5625531e757e4097b54f291dbc81_47d907ba_540.jpg'),
(22, 'MANO MANO 2', 5, 'PINTUAN NI MIZUKI', 2, '2025-02-18 22:26:44', 3, 'Binabangungot ako sa kakahintay na makalaban ka', '../uploads/1739888804_ubusan ng lakas.png'),
(23, 'wala', 1, 'Inazuma', 2, '2025-02-18 22:27:21', 1, 'wala', NULL),
(24, 'wala parin', 1, 'Herta Station', 2, '2025-02-18 22:27:49', 1, 'meron na', NULL);

-- --------------------------------------------------------

--
-- Table structure for table `members`
--

CREATE TABLE `members` (
  `member_id` int(11) NOT NULL,
  `first_name` varchar(50) NOT NULL,
  `last_name` varchar(50) NOT NULL,
  `email` varchar(100) NOT NULL,
  `phone` varchar(20) NOT NULL,
  `role_id` int(11) DEFAULT NULL,
  `rank_id` int(11) DEFAULT NULL,
  `shift_schedule` varchar(100) DEFAULT NULL,
  `image` varchar(255) DEFAULT NULL
) ENGINE=InnoDB DEFAULT CHARSET=utf8mb4 COLLATE=utf8mb4_general_ci;

--
-- Dumping data for table `members`
--

INSERT INTO `members` (`member_id`, `first_name`, `last_name`, `email`, `phone`, `role_id`, `rank_id`, `shift_schedule`, `image`) VALUES
(2, 'jemuel1', 'malaga', 'jem@gmail.com', '0916784', 1, 2, NULL, '7EqlRZh.jpg'),
(4, 'ashly', 'celetaria', 'ashly@gmail.com', '09167841212', 1, 1, NULL, '61hh60jmEnL.jpg'),
(8, 'babette', 'celetaria', 'babette@gmail.com', '0916', 1, 1, NULL, '2.jpg'),
(9, 'nel1', 'alab1', 'nel@gmail.com', '65656', 4, 1, NULL, 'celetaria_Start time.png'),
(10, 'daniel1', 'magpantay', 'daniel@gmail.com', '9090980', 2, 5, NULL, '5.jpg');

-- --------------------------------------------------------

--
-- Table structure for table `members_image`
--

CREATE TABLE `members_image` (
  `member_id` int(11) NOT NULL,
  `img_path` varchar(128) NOT NULL
) ENGINE=InnoDB DEFAULT CHARSET=utf8mb4 COLLATE=utf8mb4_general_ci;

-- --------------------------------------------------------

--
-- Table structure for table `ranks`
--

CREATE TABLE `ranks` (
  `rank_id` int(11) NOT NULL,
  `rank_name` varchar(50) NOT NULL
) ENGINE=InnoDB DEFAULT CHARSET=utf8mb4 COLLATE=utf8mb4_general_ci;

--
-- Dumping data for table `ranks`
--

INSERT INTO `ranks` (`rank_id`, `rank_name`) VALUES
(4, 'Captain'),
(5, 'Chief'),
(2, 'Firefighter First Class'),
(3, 'Lieutenant'),
(1, 'Probationary Firefighter');

-- --------------------------------------------------------

--
-- Table structure for table `roles`
--

CREATE TABLE `roles` (
  `role_id` int(11) NOT NULL,
  `role_name` varchar(50) NOT NULL
) ENGINE=InnoDB DEFAULT CHARSET=utf8mb4 COLLATE=utf8mb4_general_ci;

--
-- Dumping data for table `roles`
--

INSERT INTO `roles` (`role_id`, `role_name`) VALUES
(4, 'Administrator'),
(3, 'Dispatcher'),
(1, 'Firefighter'),
(2, 'Team Leader');

-- --------------------------------------------------------

--
-- Table structure for table `severity`
--

CREATE TABLE `severity` (
  `id` int(11) NOT NULL,
  `level` varchar(20) NOT NULL
) ENGINE=InnoDB DEFAULT CHARSET=utf8mb4 COLLATE=utf8mb4_general_ci;

--
-- Dumping data for table `severity`
--

INSERT INTO `severity` (`id`, `level`) VALUES
(1, 'low'),
(2, 'moderate'),
(3, 'high'),
(4, 'very high'),
(5, 'extreme');

-- --------------------------------------------------------

--
-- Table structure for table `shifts`
--

CREATE TABLE `shifts` (
  `shift_id` int(11) NOT NULL,
  `member_id` int(11) NOT NULL,
  `start_time` datetime NOT NULL,
  `end_time` datetime NOT NULL,
  `assigned_by` int(11) DEFAULT NULL,
  `created_at` timestamp NOT NULL DEFAULT current_timestamp()
) ENGINE=InnoDB DEFAULT CHARSET=utf8mb4 COLLATE=utf8mb4_general_ci;

-- --------------------------------------------------------

--
-- Table structure for table `status`
--

CREATE TABLE `status` (
  `status_id` int(11) NOT NULL,
  `status_name` varchar(50) NOT NULL
) ENGINE=InnoDB DEFAULT CHARSET=utf8mb4 COLLATE=utf8mb4_general_ci;

--
-- Dumping data for table `status`
--

INSERT INTO `status` (`status_id`, `status_name`) VALUES
(1, 'Pending'),
(2, 'In progress'),
(3, 'Resolved');

-- --------------------------------------------------------

--
-- Table structure for table `trainings`
--

CREATE TABLE `trainings` (
  `training_id` int(11) NOT NULL,
  `training_name` varchar(100) NOT NULL,
  `description` text DEFAULT NULL,
  `scheduled_date` date NOT NULL
) ENGINE=InnoDB DEFAULT CHARSET=utf8mb4 COLLATE=utf8mb4_general_ci;

--
-- Dumping data for table `trainings`
--

INSERT INTO `trainings` (`training_id`, `training_name`, `description`, `scheduled_date`) VALUES
(2, 'bimbang', 'qw', '2025-02-14'),
(3, 'bembangan', 'ok', '2025-02-27');

-- --------------------------------------------------------

--
-- Table structure for table `users`
--

CREATE TABLE `users` (
  `user_id` int(11) NOT NULL,
  `email` varchar(100) NOT NULL,
  `username` varchar(50) NOT NULL,
  `password_hash` varchar(255) NOT NULL,
  `member_id` int(11) DEFAULT NULL,
  `role_id` int(11) DEFAULT NULL
) ENGINE=InnoDB DEFAULT CHARSET=utf8mb4 COLLATE=utf8mb4_general_ci;

--
-- Dumping data for table `users`
--

INSERT INTO `users` (`user_id`, `email`, `username`, `password_hash`, `member_id`, `role_id`) VALUES
(1, 'axl@gmail.com', 'axl', '40bd001563085fc35165329ea1ff5c5ecbdbbeef', NULL, 1);

-- --------------------------------------------------------

--
-- Table structure for table `users_image`
--

CREATE TABLE `users_image` (
  `user_id` int(11) NOT NULL,
  `img_path` varchar(128) NOT NULL
) ENGINE=InnoDB DEFAULT CHARSET=utf8mb4 COLLATE=utf8mb4_general_ci;

--
-- Indexes for dumped tables
--

--
-- Indexes for table `alerts`
--
ALTER TABLE `alerts`
  ADD PRIMARY KEY (`alert_id`),
  ADD KEY `incident_id` (`incident_id`);

--
-- Indexes for table `assets`
--
ALTER TABLE `assets`
  ADD PRIMARY KEY (`asset_id`);

--
-- Indexes for table `dispatch_records`
--
ALTER TABLE `dispatch_records`
  ADD PRIMARY KEY (`dispatch_id`),
  ADD KEY `incident_id` (`incident_id`);

--
-- Indexes for table `incidents`
--
ALTER TABLE `incidents`
  ADD PRIMARY KEY (`incident_id`),
  ADD KEY `reported_by` (`reported_by`),
  ADD KEY `fk_severity` (`severity_id`),
  ADD KEY `fk_status` (`status_id`);

--
-- Indexes for table `members`
--
ALTER TABLE `members`
  ADD PRIMARY KEY (`member_id`),
  ADD UNIQUE KEY `email` (`email`),
  ADD UNIQUE KEY `phone` (`phone`),
  ADD KEY `role_id` (`role_id`),
  ADD KEY `rank_id` (`rank_id`);

--
-- Indexes for table `ranks`
--
ALTER TABLE `ranks`
  ADD PRIMARY KEY (`rank_id`),
  ADD UNIQUE KEY `rank_name` (`rank_name`);

--
-- Indexes for table `roles`
--
ALTER TABLE `roles`
  ADD PRIMARY KEY (`role_id`),
  ADD UNIQUE KEY `role_name` (`role_name`);

--
-- Indexes for table `severity`
--
ALTER TABLE `severity`
  ADD PRIMARY KEY (`id`);

--
-- Indexes for table `shifts`
--
ALTER TABLE `shifts`
  ADD PRIMARY KEY (`shift_id`),
  ADD KEY `member_id` (`member_id`),
  ADD KEY `assigned_by` (`assigned_by`);

--
-- Indexes for table `status`
--
ALTER TABLE `status`
  ADD PRIMARY KEY (`status_id`);

--
-- Indexes for table `trainings`
--
ALTER TABLE `trainings`
  ADD PRIMARY KEY (`training_id`);

--
-- Indexes for table `users`
--
ALTER TABLE `users`
  ADD PRIMARY KEY (`user_id`),
  ADD UNIQUE KEY `username` (`username`),
  ADD UNIQUE KEY `member_id` (`member_id`),
  ADD KEY `role_id` (`role_id`);

--
-- AUTO_INCREMENT for dumped tables
--

--
-- AUTO_INCREMENT for table `alerts`
--
ALTER TABLE `alerts`
  MODIFY `alert_id` int(11) NOT NULL AUTO_INCREMENT;

--
-- AUTO_INCREMENT for table `assets`
--
ALTER TABLE `assets`
  MODIFY `asset_id` int(11) NOT NULL AUTO_INCREMENT, AUTO_INCREMENT=11;

--
-- AUTO_INCREMENT for table `dispatch_records`
--
ALTER TABLE `dispatch_records`
  MODIFY `dispatch_id` int(11) NOT NULL AUTO_INCREMENT;

--
-- AUTO_INCREMENT for table `incidents`
--
ALTER TABLE `incidents`
  MODIFY `incident_id` int(11) NOT NULL AUTO_INCREMENT, AUTO_INCREMENT=25;

--
-- AUTO_INCREMENT for table `members`
--
ALTER TABLE `members`
  MODIFY `member_id` int(11) NOT NULL AUTO_INCREMENT, AUTO_INCREMENT=12;

--
-- AUTO_INCREMENT for table `ranks`
--
ALTER TABLE `ranks`
  MODIFY `rank_id` int(11) NOT NULL AUTO_INCREMENT, AUTO_INCREMENT=6;

--
-- AUTO_INCREMENT for table `roles`
--
ALTER TABLE `roles`
  MODIFY `role_id` int(11) NOT NULL AUTO_INCREMENT, AUTO_INCREMENT=5;

--
-- AUTO_INCREMENT for table `shifts`
--
ALTER TABLE `shifts`
  MODIFY `shift_id` int(11) NOT NULL AUTO_INCREMENT, AUTO_INCREMENT=7;

--
-- AUTO_INCREMENT for table `trainings`
--
ALTER TABLE `trainings`
  MODIFY `training_id` int(11) NOT NULL AUTO_INCREMENT, AUTO_INCREMENT=4;

--
-- AUTO_INCREMENT for table `users`
--
ALTER TABLE `users`
  MODIFY `user_id` int(11) NOT NULL AUTO_INCREMENT, AUTO_INCREMENT=2;

--
-- Constraints for dumped tables
--

--
-- Constraints for table `alerts`
--
ALTER TABLE `alerts`
  ADD CONSTRAINT `alerts_ibfk_1` FOREIGN KEY (`incident_id`) REFERENCES `incidents` (`incident_id`) ON DELETE CASCADE;

--
-- Constraints for table `dispatch_records`
--
ALTER TABLE `dispatch_records`
  ADD CONSTRAINT `dispatch_records_ibfk_1` FOREIGN KEY (`incident_id`) REFERENCES `incidents` (`incident_id`) ON DELETE CASCADE;

--
-- Constraints for table `incidents`
--
ALTER TABLE `incidents`
  ADD CONSTRAINT `fk_severity` FOREIGN KEY (`severity_id`) REFERENCES `severity` (`id`),
  ADD CONSTRAINT `fk_status` FOREIGN KEY (`status_id`) REFERENCES `status` (`status_id`),
  ADD CONSTRAINT `incidents_ibfk_1` FOREIGN KEY (`reported_by`) REFERENCES `members` (`member_id`) ON DELETE SET NULL;

--
-- Constraints for table `members`
--
ALTER TABLE `members`
  ADD CONSTRAINT `members_ibfk_1` FOREIGN KEY (`role_id`) REFERENCES `roles` (`role_id`) ON DELETE SET NULL,
  ADD CONSTRAINT `members_ibfk_2` FOREIGN KEY (`rank_id`) REFERENCES `ranks` (`rank_id`) ON DELETE SET NULL;

--
-- Constraints for table `shifts`
--
ALTER TABLE `shifts`
  ADD CONSTRAINT `shifts_ibfk_1` FOREIGN KEY (`member_id`) REFERENCES `members` (`member_id`) ON DELETE CASCADE,
  ADD CONSTRAINT `shifts_ibfk_2` FOREIGN KEY (`assigned_by`) REFERENCES `users` (`user_id`) ON DELETE SET NULL;

--
-- Constraints for table `users`
--
ALTER TABLE `users`
  ADD CONSTRAINT `users_ibfk_1` FOREIGN KEY (`member_id`) REFERENCES `members` (`member_id`) ON DELETE CASCADE,
  ADD CONSTRAINT `users_ibfk_2` FOREIGN KEY (`role_id`) REFERENCES `roles` (`role_id`) ON DELETE SET NULL;
COMMIT;

/*!40101 SET CHARACTER_SET_CLIENT=@OLD_CHARACTER_SET_CLIENT */;
/*!40101 SET CHARACTER_SET_RESULTS=@OLD_CHARACTER_SET_RESULTS */;
/*!40101 SET COLLATION_CONNECTION=@OLD_COLLATION_CONNECTION */;
